publication,year_fy,published_date,effective_from,effective_to,zone_no,zone_name,nhh_tariff_floored_p_kwh
Final,2027,2026-01-30,2026-04-01,2027-04-01,1,Northern Scotland,0.0
Final,2027,2026-01-30,2026-04-01,2027-04-01,2,Southern Scotland,0.0
Final,2027,2026-01-30,2026-04-01,2027-04-01,3,Northern,0.0
Final,2027,2026-01-30,2026-04-01,2027-04-01,4,North West,0.0
Final,2027,2026-01-30,2026-04-01,2027-04-01,5,Yorkshire,0.0
Final,2027,2026-01-30,2026-04-01,2027-04-01,6,N Wales & Mersey,0.0
Final,2027,2026-01-30,2026-04-01,2027-04-01,7,East Midlands,0.0
Final,2027,2026-01-30,2026-04-01,2027-04-01,8,Midlands,0.358668
Final,2027,2026-01-30,2026-04-01,2027-04-01,9,Eastern,0.00914
Final,2027,2026-01-30,2026-04-01,2027-04-01,10,South Wales,0.739032
Final,2027,2026-01-30,2026-04-01,2027-04-01,11,South East,0.63342
Final,2027,2026-01-30,2026-04-01,2027-04-01,12,London,0.700677
Final,2027,2026-01-30,2026-04-01,2027-04-01,13,Southern,1.00812
Final,2027,2026-01-30,2026-04-01,2027-04-01,14,South Western,2.071095
Draft,2027,2025-12-19,2026-04-01,2027-04-01,1,Northern Scotland,0.0
Draft,2027,2025-12-19,2026-04-01,2027-04-01,2,Southern Scotland,0.0
Draft,2027,2025-12-19,2026-04-01,2027-04-01,3,Northern,0.0
Draft,2027,2025-12-19,2026-04-01,2027-04-01,4,North West,0.0
Draft,2027,2025-12-19,2026-04-01,2027-04-01,5,Yorkshire,0.0
Draft,2027,2025-12-19,2026-04-01,2027-04-01,6,N Wales & Mersey,0.0
Draft,2027,2025-12-19,2026-04-01,2027-04-01,7,East Midlands,0.0
Draft,2027,2025-12-19,2026-04-01,2027-04-01,8,Midlands,0.373749
Draft,2027,2025-12-19,2026-04-01,2027-04-01,9,Eastern,0.0
Draft,2027,2025-12-19,2026-04-01,2027-04-01,10,South Wales,0.741288
Draft,2027,2025-12-19,2026-04-01,2027-04-01,11,South East,0.624099
Draft,2027,2025-12-19,2026-04-01,2027-04-01,12,London,0.693301
Draft,2027,2025-12-19,2026-04-01,2027-04-01,13,Southern,1.005758
Draft,2027,2025-12-19,2026-04-01,2027-04-01,14,South Western,2.078149
Forecast,2027,2025-09-12,2026-04-01,2027-04-01,1,Northern Scotland,0.0
Forecast,2027,2025-09-12,2026-04-01,2027-04-01,2,Southern Scotland,0.0
Forecast,2027,2025-09-12,2026-04-01,2027-04-01,3,Northern,0.0
Forecast,2027,2025-09-12,2026-04-01,2027-04-01,4,North West,0.0
Forecast,2027,2025-09-12,2026-04-01,2027-04-01,5,Yorkshire,0.0
Forecast,2027,2025-09-12,2026-04-01,2027-04-01,6,N Wales & Mersey,0.0
Forecast,2027,2025-09-12,2026-04-01,2027-04-01,7,East Midlands,0.0
Forecast,2027,2025-09-12,2026-04-01,2027-04-01,8,Midlands,0.510019
Forecast,2027,2025-09-12,2026-04-01,2027-04-01,9,Eastern,0.09312
Forecast,2027,2025-09-12,2026-04-01,2027-04-01,10,South Wales,0.743938
Forecast,2027,2025-09-12,2026-04-01,2027-04-01,11,South East,0.786991
Forecast,2027,2025-09-12,2026-04-01,2027-04-01,12,London,0.762453
Forecast,2027,2025-09-12,2026-04-01,2027-04-01,13,Southern,1.126374
Forecast,2027,2025-09-12,2026-04-01,2027-04-01,14,South Western,2.026292
Forecast,2028,2025-09-12,2027-04-01,2028-04-01,1,Northern Scotland,0.0
Forecast,2028,2025-09-12,2027-04-01,2028-04-01,2,Southern Scotland,0.0
Forecast,2028,2025-09-12,2027-04-01,2028-04-01,3,Northern,0.0
Forecast,2028,2025-09-12,2027-04-01,2028-04-01,4,North West,0.0
Forecast,2028,2025-09-12,2027-04-01,2028-04-01,5,Yorkshire,0.0
Forecast,2028,2025-09-12,2027-04-01,2028-04-01,6,N Wales & Mersey,0.0
Forecast,2028,2025-09-12,2027-04-01,2028-04-01,7,East Midlands,0.0
Forecast,2028,2025-09-12,2027-04-01,2028-04-01,8,Midlands,0.504326
Forecast,2028,2025-09-12,2027-04-01,2028-04-01,9,Eastern,0.13229
Forecast,2028,2025-09-12,2027-04-01,2028-04-01,10,South Wales,1.190914
Forecast,2028,2025-09-12,2027-04-01,2028-04-01,11,South East,0.881748
Forecast,2028,2025-09-12,2027-04-01,2028-04-01,12,London,0.822716
Forecast,2028,2025-09-12,2027-04-01,2028-04-01,13,Southern,1.13767
Forecast,2028,2025-09-12,2027-04-01,2028-04-01,14,South Western,2.174083
Forecast,2029,2025-09-12,2028-04-01,2029-04-01,1,Northern Scotland,0.0
Forecast,2029,2025-09-12,2028-04-01,2029-04-01,2,Southern Scotland,0.0
Forecast,2029,2025-09-12,2028-04-01,2029-04-01,3,Northern,0.0
Forecast,2029,2025-09-12,2028-04-01,2029-04-01,4,North West,0.0
Forecast,2029,2025-09-12,2028-04-01,2029-04-01,5,Yorkshire,0.0
Forecast,2029,2025-09-12,2028-04-01,2029-04-01,6,N Wales & Mersey,0.0
Forecast,2029,2025-09-12,2028-04-01,2029-04-01,7,East Midlands,0.0
Forecast,2029,2025-09-12,2028-04-01,2029-04-01,8,Midlands,0.318604
Forecast,2029,2025-09-12,2028-04-01,2029-04-01,9,Eastern,0.201097
Forecast,2029,2025-09-12,2028-04-01,2029-04-01,10,South Wales,0.348328
Forecast,2029,2025-09-12,2028-04-01,2029-04-01,11,South East,1.095356
Forecast,2029,2025-09-12,2028-04-01,2029-04-01,12,London,0.907368
Forecast,2029,2025-09-12,2028-04-01,2029-04-01,13,Southern,1.290088
Forecast,2029,2025-09-12,2028-04-01,2029-04-01,14,South Western,1.651759
Forecast,2030,2025-09-12,2029-04-01,2030-04-01,1,Northern Scotland,0.0
Forecast,2030,2025-09-12,2029-04-01,2030-04-01,2,Southern Scotland,0.0
Forecast,2030,2025-09-12,2029-04-01,2030-04-01,3,Northern,0.0
Forecast,2030,2025-09-12,2029-04-01,2030-04-01,4,North West,0.0
Forecast,2030,2025-09-12,2029-04-01,2030-04-01,5,Yorkshire,0.0
Forecast,2030,2025-09-12,2029-04-01,2030-04-01,6,N Wales & Mersey,0.0
Forecast,2030,2025-09-12,2029-04-01,2030-04-01,7,East Midlands,0.272941
Forecast,2030,2025-09-12,2029-04-01,2030-04-01,8,Midlands,0.614644
Forecast,2030,2025-09-12,2029-04-01,2030-04-01,9,Eastern,0.641888
Forecast,2030,2025-09-12,2029-04-01,2030-04-01,10,South Wales,0.679325
Forecast,2030,2025-09-12,2029-04-01,2030-04-01,11,South East,1.546169
Forecast,2030,2025-09-12,2029-04-01,2030-04-01,12,London,1.239945
Forecast,2030,2025-09-12,2029-04-01,2030-04-01,13,Southern,1.70121
Forecast,2030,2025-09-12,2029-04-01,2030-04-01,14,South Western,2.083153
Forecast,2031,2025-09-12,2030-04-01,2031-04-01,1,Northern Scotland,0.0
Forecast,2031,2025-09-12,2030-04-01,2031-04-01,2,Southern Scotland,0.0
Forecast,2031,2025-09-12,2030-04-01,2031-04-01,3,Northern,0.0
Forecast,2031,2025-09-12,2030-04-01,2031-04-01,4,North West,0.0
Forecast,2031,2025-09-12,2030-04-01,2031-04-01,5,Yorkshire,0.0
Forecast,2031,2025-09-12,2030-04-01,2031-04-01,6,N Wales & Mersey,0.0
Forecast,2031,2025-09-12,2030-04-01,2031-04-01,7,East Midlands,0.374783
Forecast,2031,2025-09-12,2030-04-01,2031-04-01,8,Midlands,0.756947
Forecast,2031,2025-09-12,2030-04-01,2031-04-01,9,Eastern,0.712916
Forecast,2031,2025-09-12,2030-04-01,2031-04-01,10,South Wales,0.887639
Forecast,2031,2025-09-12,2030-04-01,2031-04-01,11,South East,1.467302
Forecast,2031,2025-09-12,2030-04-01,2031-04-01,12,London,1.277398
Forecast,2031,2025-09-12,2030-04-01,2031-04-01,13,Southern,1.627947
Forecast,2031,2025-09-12,2030-04-01,2031-04-01,14,South Western,1.30566
Forecast,2027,2025-04-30,2026-04-01,2027-04-01,1,Northern Scotland,0.0
Forecast,2027,2025-04-30,2026-04-01,2027-04-01,2,Southern Scotland,0.0
Forecast,2027,2025-04-30,2026-04-01,2027-04-01,3,Northern,0.0
Forecast,2027,2025-04-30,2026-04-01,2027-04-01,4,North West,0.0
Forecast,2027,2025-04-30,2026-04-01,2027-04-01,5,Yorkshire,0.0
Forecast,2027,2025-04-30,2026-04-01,2027-04-01,6,N Wales & Mersey,0.0
Forecast,2027,2025-04-30,2026-04-01,2027-04-01,7,East Midlands,0.0
Forecast,2027,2025-04-30,2026-04-01,2027-04-01,8,Midlands,0.421146
Forecast,2027,2025-04-30,2026-04-01,2027-04-01,9,Eastern,0.091692
Forecast,2027,2025-04-30,2026-04-01,2027-04-01,10,South Wales,0.975986
Forecast,2027,2025-04-30,2026-04-01,2027-04-01,11,South East,0.811494
Forecast,2027,2025-04-30,2026-04-01,2027-04-01,12,London,0.754048
Forecast,2027,2025-04-30,2026-04-01,2027-04-01,13,Southern,1.138618
Forecast,2027,2025-04-30,2026-04-01,2027-04-01,14,South Western,2.257036
Final,2026,2025-01-31,2025-04-01,2026-04-01,1,Northern Scotland,0.0
Final,2026,2025-01-31,2025-04-01,2026-04-01,2,Southern Scotland,0.0
Final,2026,2025-01-31,2025-04-01,2026-04-01,3,Northern,0.0
Final,2026,2025-01-31,2025-04-01,2026-04-01,4,North West,0.0
Final,2026,2025-01-31,2025-04-01,2026-04-01,5,Yorkshire,0.0
Final,2026,2025-01-31,2025-04-01,2026-04-01,6,N Wales & Mersey,0.0
Final,2026,2025-01-31,2025-04-01,2026-04-01,7,East Midlands,0.0
Final,2026,2025-01-31,2025-04-01,2026-04-01,8,Midlands,0.386732
Final,2026,2025-01-31,2025-04-01,2026-04-01,9,Eastern,0.152494
Final,2026,2025-01-31,2025-04-01,2026-04-01,10,South Wales,0.807732
Final,2026,2025-01-31,2025-04-01,2026-04-01,11,South East,0.774324
Final,2026,2025-01-31,2025-04-01,2026-04-01,12,London,0.813457
Final,2026,2025-01-31,2025-04-01,2026-04-01,13,Southern,0.986192
Final,2026,2025-01-31,2025-04-01,2026-04-01,14,South Western,1.377268
Draft,2026,2024-11-29,2025-04-01,2026-04-01,1,Northern Scotland,0.0
Draft,2026,2024-11-29,2025-04-01,2026-04-01,2,Southern Scotland,0.0
Draft,2026,2024-11-29,2025-04-01,2026-04-01,3,Northern,0.0
Draft,2026,2024-11-29,2025-04-01,2026-04-01,4,North West,0.0
Draft,2026,2024-11-29,2025-04-01,2026-04-01,5,Yorkshire,0.0
Draft,2026,2024-11-29,2025-04-01,2026-04-01,6,N Wales & Mersey,0.0
Draft,2026,2024-11-29,2025-04-01,2026-04-01,7,East Midlands,0.0
Draft,2026,2024-11-29,2025-04-01,2026-04-01,8,Midlands,0.292904
Draft,2026,2024-11-29,2025-04-01,2026-04-01,9,Eastern,0.211744
Draft,2026,2024-11-29,2025-04-01,2026-04-01,10,South Wales,0.459966
Draft,2026,2024-11-29,2025-04-01,2026-04-01,11,South East,0.699604
Draft,2026,2024-11-29,2025-04-01,2026-04-01,12,London,0.797542
Draft,2026,2024-11-29,2025-04-01,2026-04-01,13,Southern,1.12976
Draft,2026,2024-11-29,2025-04-01,2026-04-01,14,South Western,1.36892
Forecast,2026,2024-07-31,2025-04-01,2026-04-01,1,Northern Scotland,0.0
Forecast,2026,2024-07-31,2025-04-01,2026-04-01,2,Southern Scotland,0.0
Forecast,2026,2024-07-31,2025-04-01,2026-04-01,3,Northern,0.0
Forecast,2026,2024-07-31,2025-04-01,2026-04-01,4,North West,0.0
Forecast,2026,2024-07-31,2025-04-01,2026-04-01,5,Yorkshire,0.0
Forecast,2026,2024-07-31,2025-04-01,2026-04-01,6,N Wales & Mersey,0.0
Forecast,2026,2024-07-31,2025-04-01,2026-04-01,7,East Midlands,0.00987
Forecast,2026,2024-07-31,2025-04-01,2026-04-01,8,Midlands,0.33362
Forecast,2026,2024-07-31,2025-04-01,2026-04-01,9,Eastern,0.180633
Forecast,2026,2024-07-31,2025-04-01,2026-04-01,10,South Wales,0.822447
Forecast,2026,2024-07-31,2025-04-01,2026-04-01,11,South East,0.605997
Forecast,2026,2024-07-31,2025-04-01,2026-04-01,12,London,0.798303
Forecast,2026,2024-07-31,2025-04-01,2026-04-01,13,Southern,0.815929
Forecast,2026,2024-07-31,2025-04-01,2026-04-01,14,South Western,0.562408
Forecast,2026,2024-06-20,2025-04-01,2026-04-01,1,Northern Scotland,0.0
Forecast,2026,2024-06-20,2025-04-01,2026-04-01,2,Southern Scotland,0.0
Forecast,2026,2024-06-20,2025-04-01,2026-04-01,3,Northern,0.0
Forecast,2026,2024-06-20,2025-04-01,2026-04-01,4,North West,0.0
Forecast,2026,2024-06-20,2025-04-01,2026-04-01,5,Yorkshire,0.0
Forecast,2026,2024-06-20,2025-04-01,2026-04-01,6,N Wales & Mersey,0.0
Forecast,2026,2024-06-20,2025-04-01,2026-04-01,7,East Midlands,0.0
Forecast,2026,2024-06-20,2025-04-01,2026-04-01,8,Midlands,0.254205
Forecast,2026,2024-06-20,2025-04-01,2026-04-01,9,Eastern,0.189042
Forecast,2026,2024-06-20,2025-04-01,2026-04-01,10,South Wales,0.388739
Forecast,2026,2024-06-20,2025-04-01,2026-04-01,11,South East,0.72107
Forecast,2026,2024-06-20,2025-04-01,2026-04-01,12,London,0.797668
Forecast,2026,2024-06-20,2025-04-01,2026-04-01,13,Southern,1.022639
Forecast,2026,2024-06-20,2025-04-01,2026-04-01,14,South Western,1.614174
Forecast,2027,2024-06-20,2026-04-01,2027-04-01,1,Northern Scotland,0.0
Forecast,2027,2024-06-20,2026-04-01,2027-04-01,2,Southern Scotland,0.0
Forecast,2027,2024-06-20,2026-04-01,2027-04-01,3,Northern,0.0
Forecast,2027,2024-06-20,2026-04-01,2027-04-01,4,North West,0.0
Forecast,2027,2024-06-20,2026-04-01,2027-04-01,5,Yorkshire,0.0
Forecast,2027,2024-06-20,2026-04-01,2027-04-01,6,N Wales & Mersey,0.0
Forecast,2027,2024-06-20,2026-04-01,2027-04-01,7,East Midlands,0.0
Forecast,2027,2024-06-20,2026-04-01,2027-04-01,8,Midlands,0.131894
Forecast,2027,2024-06-20,2026-04-01,2027-04-01,9,Eastern,0.327012
Forecast,2027,2024-06-20,2026-04-01,2027-04-01,10,South Wales,0.236645
Forecast,2027,2024-06-20,2026-04-01,2027-04-01,11,South East,0.847467
Forecast,2027,2024-06-20,2026-04-01,2027-04-01,12,London,0.940436
Forecast,2027,2024-06-20,2026-04-01,2027-04-01,13,Southern,1.092552
Forecast,2027,2024-06-20,2026-04-01,2027-04-01,14,South Western,1.631983
Forecast,2028,2024-06-20,2027-04-01,2028-04-01,1,Northern Scotland,0.0
Forecast,2028,2024-06-20,2027-04-01,2028-04-01,2,Southern Scotland,0.0
Forecast,2028,2024-06-20,2027-04-01,2028-04-01,3,Northern,0.0
Forecast,2028,2024-06-20,2027-04-01,2028-04-01,4,North West,0.0
Forecast,2028,2024-06-20,2027-04-01,2028-04-01,5,Yorkshire,0.0
Forecast,2028,2024-06-20,2027-04-01,2028-04-01,6,N Wales & Mersey,0.0
Forecast,2028,2024-06-20,2027-04-01,2028-04-01,7,East Midlands,0.008937
Forecast,2028,2024-06-20,2027-04-01,2028-04-01,8,Midlands,0.231126
Forecast,2028,2024-06-20,2027-04-01,2028-04-01,9,Eastern,0.410374
Forecast,2028,2024-06-20,2027-04-01,2028-04-01,10,South Wales,0.194865
Forecast,2028,2024-06-20,2027-04-01,2028-04-01,11,South East,0.779106
Forecast,2028,2024-06-20,2027-04-01,2028-04-01,12,London,1.004355
Forecast,2028,2024-06-20,2027-04-01,2028-04-01,13,Southern,0.938101
Forecast,2028,2024-06-20,2027-04-01,2028-04-01,14,South Western,0.493502
Forecast,2029,2024-06-20,2028-04-01,2029-04-01,1,Northern Scotland,0.0
Forecast,2029,2024-06-20,2028-04-01,2029-04-01,2,Southern Scotland,0.0
Forecast,2029,2024-06-20,2028-04-01,2029-04-01,3,Northern,0.0
Forecast,2029,2024-06-20,2028-04-01,2029-04-01,4,North West,0.0
Forecast,2029,2024-06-20,2028-04-01,2029-04-01,5,Yorkshire,0.0
Forecast,2029,2024-06-20,2028-04-01,2029-04-01,6,N Wales & Mersey,0.0
Forecast,2029,2024-06-20,2028-04-01,2029-04-01,7,East Midlands,0.0535
Forecast,2029,2024-06-20,2028-04-01,2029-04-01,8,Midlands,0.268768
Forecast,2029,2024-06-20,2028-04-01,2029-04-01,9,Eastern,0.428436
Forecast,2029,2024-06-20,2028-04-01,2029-04-01,10,South Wales,0.146649
Forecast,2029,2024-06-20,2028-04-01,2029-04-01,11,South East,0.746175
Forecast,2029,2024-06-20,2028-04-01,2029-04-01,12,London,0.96944
Forecast,2029,2024-06-20,2028-04-01,2029-04-01,13,Southern,0.931259
Forecast,2029,2024-06-20,2028-04-01,2029-04-01,14,South Western,0.338818
Forecast,2030,2024-06-20,2029-04-01,2030-04-01,1,Northern Scotland,0.0
Forecast,2030,2024-06-20,2029-04-01,2030-04-01,2,Southern Scotland,0.0
Forecast,2030,2024-06-20,2029-04-01,2030-04-01,3,Northern,0.0
Forecast,2030,2024-06-20,2029-04-01,2030-04-01,4,North West,0.0
Forecast,2030,2024-06-20,2029-04-01,2030-04-01,5,Yorkshire,0.0
Forecast,2030,2024-06-20,2029-04-01,2030-04-01,6,N Wales & Mersey,0.0
Forecast,2030,2024-06-20,2029-04-01,2030-04-01,7,East Midlands,0.185345
Forecast,2030,2024-06-20,2029-04-01,2030-04-01,8,Midlands,0.378736
Forecast,2030,2024-06-20,2029-04-01,2030-04-01,9,Eastern,0.612771
Forecast,2030,2024-06-20,2029-04-01,2030-04-01,10,South Wales,0.393685
Forecast,2030,2024-06-20,2029-04-01,2030-04-01,11,South East,1.086955
Forecast,2030,2024-06-20,2029-04-01,2030-04-01,12,London,1.145858
Forecast,2030,2024-06-20,2029-04-01,2030-04-01,13,Southern,1.231638
Forecast,2030,2024-06-20,2029-04-01,2030-04-01,14,South Western,0.704802
Final,2025,2024-02-08,2024-04-01,2025-04-01,1,Northern Scotland,0.0
Final,2025,2024-02-08,2024-04-01,2025-04-01,2,Southern Scotland,0.0
Final,2025,2024-02-08,2024-04-01,2025-04-01,3,Northern,0.0
Final,2025,2024-02-08,2024-04-01,2025-04-01,4,North West,0.0
Final,2025,2024-02-08,2024-04-01,2025-04-01,5,Yorkshire,0.0
Final,2025,2024-02-08,2024-04-01,2025-04-01,6,N Wales & Mersey,0.0
Final,2025,2024-02-08,2024-04-01,2025-04-01,7,East Midlands,0.0
Final,2025,2024-02-08,2024-04-01,2025-04-01,8,Midlands,0.312657
Final,2025,2024-02-08,2024-04-01,2025-04-01,9,Eastern,0.113949
Final,2025,2024-02-08,2024-04-01,2025-04-01,10,South Wales,0.533793
Final,2025,2024-02-08,2024-04-01,2025-04-01,11,South East,0.538522
Final,2025,2024-02-08,2024-04-01,2025-04-01,12,London,0.644217
Final,2025,2024-02-08,2024-04-01,2025-04-01,13,Southern,0.903934
Final,2025,2024-02-08,2024-04-01,2025-04-01,14,South Western,1.12962
Draft,2025,2023-12-12,2024-04-01,2025-04-01,1,Northern Scotland,0.0
Draft,2025,2023-12-12,2024-04-01,2025-04-01,2,Southern Scotland,0.0
Draft,2025,2023-12-12,2024-04-01,2025-04-01,3,Northern,0.0
Draft,2025,2023-12-12,2024-04-01,2025-04-01,4,North West,0.0
Draft,2025,2023-12-12,2024-04-01,2025-04-01,5,Yorkshire,0.0
Draft,2025,2023-12-12,2024-04-01,2025-04-01,6,N Wales & Mersey,0.0
Draft,2025,2023-12-12,2024-04-01,2025-04-01,7,East Midlands,0.0
Draft,2025,2023-12-12,2024-04-01,2025-04-01,8,Midlands,0.331477
Draft,2025,2023-12-12,2024-04-01,2025-04-01,9,Eastern,0.121828
Draft,2025,2023-12-12,2024-04-01,2025-04-01,10,South Wales,0.561335
Draft,2025,2023-12-12,2024-04-01,2025-04-01,11,South East,0.572982
Draft,2025,2023-12-12,2024-04-01,2025-04-01,12,London,0.687413
Draft,2025,2023-12-12,2024-04-01,2025-04-01,13,Southern,0.96402
Draft,2025,2023-12-12,2024-04-01,2025-04-01,14,South Western,1.185452
Forecast,2025,2023-07-31,2024-04-01,2025-04-01,1,Northern Scotland,0.0
Forecast,2025,2023-07-31,2024-04-01,2025-04-01,2,Southern Scotland,0.0
Forecast,2025,2023-07-31,2024-04-01,2025-04-01,3,Northern,0.0
Forecast,2025,2023-07-31,2024-04-01,2025-04-01,4,North West,0.0
Forecast,2025,2023-07-31,2024-04-01,2025-04-01,5,Yorkshire,0.0
Forecast,2025,2023-07-31,2024-04-01,2025-04-01,6,N Wales & Mersey,0.0
Forecast,2025,2023-07-31,2024-04-01,2025-04-01,7,East Midlands,0.0
Forecast,2025,2023-07-31,2024-04-01,2025-04-01,8,Midlands,0.270342
Forecast,2025,2023-07-31,2024-04-01,2025-04-01,9,Eastern,0.0
Forecast,2025,2023-07-31,2024-04-01,2025-04-01,10,South Wales,0.713381
Forecast,2025,2023-07-31,2024-04-01,2025-04-01,11,South East,0.345266
Forecast,2025,2023-07-31,2024-04-01,2025-04-01,12,London,0.318591
Forecast,2025,2023-07-31,2024-04-01,2025-04-01,13,Southern,0.794154
Forecast,2025,2023-07-31,2024-04-01,2025-04-01,14,South Western,1.793581
Final,2024,2023-02-14,2023-04-01,2024-04-01,1,Northern Scotland,0.0
Final,2024,2023-02-14,2023-04-01,2024-04-01,2,Southern Scotland,0.0
Final,2024,2023-02-14,2023-04-01,2024-04-01,3,Northern,0.0
Final,2024,2023-02-14,2023-04-01,2024-04-01,4,North West,0.0
Final,2024,2023-02-14,2023-04-01,2024-04-01,5,Yorkshire,0.0
Final,2024,2023-02-14,2023-04-01,2024-04-01,6,N Wales & Mersey,0.0
Final,2024,2023-02-14,2023-04-01,2024-04-01,7,East Midlands,0.0
Final,2024,2023-02-14,2023-04-01,2024-04-01,8,Midlands,0.400584
Final,2024,2023-02-14,2023-04-01,2024-04-01,9,Eastern,0.037686
Final,2024,2023-02-14,2023-04-01,2024-04-01,10,South Wales,0.79412
Final,2024,2023-02-14,2023-04-01,2024-04-01,11,South East,0.402166
Final,2024,2023-02-14,2023-04-01,2024-04-01,12,London,0.489298
Final,2024,2023-02-14,2023-04-01,2024-04-01,13,Southern,0.703544
Final,2024,2023-02-14,2023-04-01,2024-04-01,14,South Western,1.079091
Draft,2024,2022-11-30,2023-04-01,2024-04-01,1,Northern Scotland,0.0
Draft,2024,2022-11-30,2023-04-01,2024-04-01,2,Southern Scotland,0.0
Draft,2024,2022-11-30,2023-04-01,2024-04-01,3,Northern,0.0
Draft,2024,2022-11-30,2023-04-01,2024-04-01,4,North West,0.0
Draft,2024,2022-11-30,2023-04-01,2024-04-01,5,Yorkshire,0.0
Draft,2024,2022-11-30,2023-04-01,2024-04-01,6,N Wales & Mersey,0.0
Draft,2024,2022-11-30,2023-04-01,2024-04-01,7,East Midlands,0.0
Draft,2024,2022-11-30,2023-04-01,2024-04-01,8,Midlands,0.383934
Draft,2024,2022-11-30,2023-04-01,2024-04-01,9,Eastern,0.036455
Draft,2024,2022-11-30,2023-04-01,2024-04-01,10,South Wales,0.761901
Draft,2024,2022-11-30,2023-04-01,2024-04-01,11,South East,0.387454
Draft,2024,2022-11-30,2023-04-01,2024-04-01,12,London,0.452197
Draft,2024,2022-11-30,2023-04-01,2024-04-01,13,Southern,0.674743
Draft,2024,2022-11-30,2023-04-01,2024-04-01,14,South Western,1.050876
Forecast,2024,2022-08-31,2023-04-01,2024-04-01,1,Northern Scotland,0.0
Forecast,2024,2022-08-31,2023-04-01,2024-04-01,2,Southern Scotland,0.0
Forecast,2024,2022-08-31,2023-04-01,2024-04-01,3,Northern,0.0
Forecast,2024,2022-08-31,2023-04-01,2024-04-01,4,North West,0.0
Forecast,2024,2022-08-31,2023-04-01,2024-04-01,5,Yorkshire,0.0
Forecast,2024,2022-08-31,2023-04-01,2024-04-01,6,N Wales & Mersey,0.0
Forecast,2024,2022-08-31,2023-04-01,2024-04-01,7,East Midlands,0.0
Forecast,2024,2022-08-31,2023-04-01,2024-04-01,8,Midlands,0.0
Forecast,2024,2022-08-31,2023-04-01,2024-04-01,9,Eastern,0.124251
Forecast,2024,2022-08-31,2023-04-01,2024-04-01,10,South Wales,0.281869
Forecast,2024,2022-08-31,2023-04-01,2024-04-01,11,South East,0.467587
Forecast,2024,2022-08-31,2023-04-01,2024-04-01,12,London,0.741324
Forecast,2024,2022-08-31,2023-04-01,2024-04-01,13,Southern,0.726061
Forecast,2024,2022-08-31,2023-04-01,2024-04-01,14,South Western,1.027589
Forecast,2024,2022-04-07,2023-04-01,2024-04-01,1,Northern Scotland,0.0
Forecast,2024,2022-04-07,2023-04-01,2024-04-01,2,Southern Scotland,0.0
Forecast,2024,2022-04-07,2023-04-01,2024-04-01,3,Northern,0.0
Forecast,2024,2022-04-07,2023-04-01,2024-04-01,4,North West,0.0
Forecast,2024,2022-04-07,2023-04-01,2024-04-01,5,Yorkshire,0.0
Forecast,2024,2022-04-07,2023-04-01,2024-04-01,6,N Wales & Mersey,0.0
Forecast,2024,2022-04-07,2023-04-01,2024-04-01,7,East Midlands,0.0
Forecast,2024,2022-04-07,2023-04-01,2024-04-01,8,Midlands,0.067926
Forecast,2024,2022-04-07,2023-04-01,2024-04-01,9,Eastern,0.0
Forecast,2024,2022-04-07,2023-04-01,2024-04-01,10,South Wales,0.447363
Forecast,2024,2022-04-07,2023-04-01,2024-04-01,11,South East,0.385372
Forecast,2024,2022-04-07,2023-04-01,2024-04-01,12,London,0.514028
Forecast,2024,2022-04-07,2023-04-01,2024-04-01,13,Southern,0.686977
Forecast,2024,2022-04-07,2023-04-01,2024-04-01,14,South Western,1.174085
Forecast,2025,2022-04-07,2024-04-01,2025-04-01,1,Northern Scotland,0.0
Forecast,2025,2022-04-07,2024-04-01,2025-04-01,2,Southern Scotland,0.0
Forecast,2025,2022-04-07,2024-04-01,2025-04-01,3,Northern,0.0
Forecast,2025,2022-04-07,2024-04-01,2025-04-01,4,North West,0.0
Forecast,2025,2022-04-07,2024-04-01,2025-04-01,5,Yorkshire,0.0
Forecast,2025,2022-04-07,2024-04-01,2025-04-01,6,N Wales & Mersey,0.0
Forecast,2025,2022-04-07,2024-04-01,2025-04-01,7,East Midlands,0.0
Forecast,2025,2022-04-07,2024-04-01,2025-04-01,8,Midlands,0.008554
Forecast,2025,2022-04-07,2024-04-01,2025-04-01,9,Eastern,0.0
Forecast,2025,2022-04-07,2024-04-01,2025-04-01,10,South Wales,0.463199
Forecast,2025,2022-04-07,2024-04-01,2025-04-01,11,South East,0.487435
Forecast,2025,2022-04-07,2024-04-01,2025-04-01,12,London,0.283465
Forecast,2025,2022-04-07,2024-04-01,2025-04-01,13,Southern,0.807441
Forecast,2025,2022-04-07,2024-04-01,2025-04-01,14,South Western,1.477918
Forecast,2026,2022-04-07,2025-04-01,2026-04-01,1,Northern Scotland,0.0
Forecast,2026,2022-04-07,2025-04-01,2026-04-01,2,Southern Scotland,0.0
Forecast,2026,2022-04-07,2025-04-01,2026-04-01,3,Northern,0.0
Forecast,2026,2022-04-07,2025-04-01,2026-04-01,4,North West,0.0
Forecast,2026,2022-04-07,2025-04-01,2026-04-01,5,Yorkshire,0.0
Forecast,2026,2022-04-07,2025-04-01,2026-04-01,6,N Wales & Mersey,0.0
Forecast,2026,2022-04-07,2025-04-01,2026-04-01,7,East Midlands,0.0
Forecast,2026,2022-04-07,2025-04-01,2026-04-01,8,Midlands,0.0
Forecast,2026,2022-04-07,2025-04-01,2026-04-01,9,Eastern,0.0
Forecast,2026,2022-04-07,2025-04-01,2026-04-01,10,South Wales,0.334588
Forecast,2026,2022-04-07,2025-04-01,2026-04-01,11,South East,0.520445
Forecast,2026,2022-04-07,2025-04-01,2026-04-01,12,London,0.28636
Forecast,2026,2022-04-07,2025-04-01,2026-04-01,13,Southern,0.842906
Forecast,2026,2022-04-07,2025-04-01,2026-04-01,14,South Western,1.455855
Forecast,2027,2022-04-07,2026-04-01,2027-04-01,1,Northern Scotland,0.0
Forecast,2027,2022-04-07,2026-04-01,2027-04-01,2,Southern Scotland,0.0
Forecast,2027,2022-04-07,2026-04-01,2027-04-01,3,Northern,0.0
Forecast,2027,2022-04-07,2026-04-01,2027-04-01,4,North West,0.0
Forecast,2027,2022-04-07,2026-04-01,2027-04-01,5,Yorkshire,0.0
Forecast,2027,2022-04-07,2026-04-01,2027-04-01,6,N Wales & Mersey,0.0
Forecast,2027,2022-04-07,2026-04-01,2027-04-01,7,East Midlands,0.0
Forecast,2027,2022-04-07,2026-04-01,2027-04-01,8,Midlands,0.0
Forecast,2027,2022-04-07,2026-04-01,2027-04-01,9,Eastern,0.0
Forecast,2027,2022-04-07,2026-04-01,2027-04-01,10,South Wales,0.311837
Forecast,2027,2022-04-07,2026-04-01,2027-04-01,11,South East,0.474347
Forecast,2027,2022-04-07,2026-04-01,2027-04-01,12,London,0.425331
Forecast,2027,2022-04-07,2026-04-01,2027-04-01,13,Southern,0.829798
Forecast,2027,2022-04-07,2026-04-01,2027-04-01,14,South Western,1.437113
Forecast,2028,2022-04-07,2027-04-01,2028-04-01,1,Northern Scotland,0.0
Forecast,2028,2022-04-07,2027-04-01,2028-04-01,2,Southern Scotland,0.0
Forecast,2028,2022-04-07,2027-04-01,2028-04-01,3,Northern,0.0
Forecast,2028,2022-04-07,2027-04-01,2028-04-01,4,North West,0.0
Forecast,2028,2022-04-07,2027-04-01,2028-04-01,5,Yorkshire,0.0
Forecast,2028,2022-04-07,2027-04-01,2028-04-01,6,N Wales & Mersey,0.0
Forecast,2028,2022-04-07,2027-04-01,2028-04-01,7,East Midlands,0.0
Forecast,2028,2022-04-07,2027-04-01,2028-04-01,8,Midlands,0.0
Forecast,2028,2022-04-07,2027-04-01,2028-04-01,9,Eastern,0.002313
Forecast,2028,2022-04-07,2027-04-01,2028-04-01,10,South Wales,0.147658
Forecast,2028,2022-04-07,2027-04-01,2028-04-01,11,South East,0.662957
Forecast,2028,2022-04-07,2027-04-01,2028-04-01,12,London,0.600466
Forecast,2028,2022-04-07,2027-04-01,2028-04-01,13,Southern,0.899784
Forecast,2028,2022-04-07,2027-04-01,2028-04-01,14,South Western,0.849648
Final,2023,2022-01-31,2022-04-01,2023-04-01,1,Northern Scotland,3.558626
Final,2023,2022-01-31,2022-04-01,2023-04-01,2,Southern Scotland,4.395158
Final,2023,2022-01-31,2022-04-01,2023-04-01,3,Northern,5.280945
Final,2023,2022-01-31,2022-04-01,2023-04-01,4,North West,6.382111
Final,2023,2022-01-31,2022-04-01,2023-04-01,5,Yorkshire,6.199445
Final,2023,2022-01-31,2022-04-01,2023-04-01,6,N Wales & Mersey,6.460609
Final,2023,2022-01-31,2022-04-01,2023-04-01,7,East Midlands,6.954272
Final,2023,2022-01-31,2022-04-01,2023-04-01,8,Midlands,7.145603
Final,2023,2022-01-31,2022-04-01,2023-04-01,9,Eastern,7.696135
Final,2023,2022-01-31,2022-04-01,2023-04-01,10,South Wales,6.630234
Final,2023,2022-01-31,2022-04-01,2023-04-01,11,South East,8.057826
Final,2023,2022-01-31,2022-04-01,2023-04-01,12,London,6.457749
Final,2023,2022-01-31,2022-04-01,2023-04-01,13,Southern,7.854326
Final,2023,2022-01-31,2022-04-01,2023-04-01,14,South Western,8.671244
Draft,2023,2021-11-30,2022-04-01,2023-04-01,1,Northern Scotland,3.754234
Draft,2023,2021-11-30,2022-04-01,2023-04-01,2,Southern Scotland,4.556094
Draft,2023,2021-11-30,2022-04-01,2023-04-01,3,Northern,5.426633
Draft,2023,2021-11-30,2022-04-01,2023-04-01,4,North West,6.558575
Draft,2023,2021-11-30,2022-04-01,2023-04-01,5,Yorkshire,6.348318
Draft,2023,2021-11-30,2022-04-01,2023-04-01,6,N Wales & Mersey,6.617061
Draft,2023,2021-11-30,2022-04-01,2023-04-01,7,East Midlands,7.10622
Draft,2023,2021-11-30,2022-04-01,2023-04-01,8,Midlands,7.325327
Draft,2023,2021-11-30,2022-04-01,2023-04-01,9,Eastern,7.846331
Draft,2023,2021-11-30,2022-04-01,2023-04-01,10,South Wales,6.847104
Draft,2023,2021-11-30,2022-04-01,2023-04-01,11,South East,8.243977
Draft,2023,2021-11-30,2022-04-01,2023-04-01,12,London,6.602228
Draft,2023,2021-11-30,2022-04-01,2023-04-01,13,Southern,8.031774
Draft,2023,2021-11-30,2022-04-01,2023-04-01,14,South Western,8.883631
Forecast,2023,2021-08-31,2022-04-01,2023-04-01,1,Northern Scotland,3.016852
Forecast,2023,2021-08-31,2022-04-01,2023-04-01,2,Southern Scotland,4.054787
Forecast,2023,2021-08-31,2022-04-01,2023-04-01,3,Northern,5.075388
Forecast,2023,2021-08-31,2022-04-01,2023-04-01,4,North West,6.06773
Forecast,2023,2021-08-31,2022-04-01,2023-04-01,5,Yorkshire,5.900569
Forecast,2023,2021-08-31,2022-04-01,2023-04-01,6,N Wales & Mersey,6.02857
Forecast,2023,2021-08-31,2022-04-01,2023-04-01,7,East Midlands,6.617207
Forecast,2023,2021-08-31,2022-04-01,2023-04-01,8,Midlands,6.906122
Forecast,2023,2021-08-31,2022-04-01,2023-04-01,9,Eastern,7.463089
Forecast,2023,2021-08-31,2022-04-01,2023-04-01,10,South Wales,6.343088
Forecast,2023,2021-08-31,2022-04-01,2023-04-01,11,South East,7.822213
Forecast,2023,2021-08-31,2022-04-01,2023-04-01,12,London,6.345094
Forecast,2023,2021-08-31,2022-04-01,2023-04-01,13,Southern,7.578782
Forecast,2023,2021-08-31,2022-04-01,2023-04-01,14,South Western,8.35649
Forecast,2023,2021-04-30,2022-04-01,2023-04-01,1,Northern Scotland,3.022811
Forecast,2023,2021-04-30,2022-04-01,2023-04-01,2,Southern Scotland,4.012326
Forecast,2023,2021-04-30,2022-04-01,2023-04-01,3,Northern,5.135737
Forecast,2023,2021-04-30,2022-04-01,2023-04-01,4,North West,6.042024
Forecast,2023,2021-04-30,2022-04-01,2023-04-01,5,Yorkshire,5.902938
Forecast,2023,2021-04-30,2022-04-01,2023-04-01,6,N Wales & Mersey,5.982738
Forecast,2023,2021-04-30,2022-04-01,2023-04-01,7,East Midlands,6.57082
Forecast,2023,2021-04-30,2022-04-01,2023-04-01,8,Midlands,6.896029
Forecast,2023,2021-04-30,2022-04-01,2023-04-01,9,Eastern,7.406702
Forecast,2023,2021-04-30,2022-04-01,2023-04-01,10,South Wales,6.264584
Forecast,2023,2021-04-30,2022-04-01,2023-04-01,11,South East,7.766608
Forecast,2023,2021-04-30,2022-04-01,2023-04-01,12,London,6.256171
Forecast,2023,2021-04-30,2022-04-01,2023-04-01,13,Southern,7.523025
Forecast,2023,2021-04-30,2022-04-01,2023-04-01,14,South Western,8.44426
Forecast,2024,2021-04-30,2023-04-01,2024-04-01,1,Northern Scotland,0.0
Forecast,2024,2021-04-30,2023-04-01,2024-04-01,2,Southern Scotland,0.0
Forecast,2024,2021-04-30,2023-04-01,2024-04-01,3,Northern,0.0
Forecast,2024,2021-04-30,2023-04-01,2024-04-01,4,North West,0.0
Forecast,2024,2021-04-30,2023-04-01,2024-04-01,5,Yorkshire,0.0
Forecast,2024,2021-04-30,2023-04-01,2024-04-01,6,N Wales & Mersey,0.0
Forecast,2024,2021-04-30,2023-04-01,2024-04-01,7,East Midlands,0.0
Forecast,2024,2021-04-30,2023-04-01,2024-04-01,8,Midlands,0.152274
Forecast,2024,2021-04-30,2023-04-01,2024-04-01,9,Eastern,0.0
Forecast,2024,2021-04-30,2023-04-01,2024-04-01,10,South Wales,0.480909
Forecast,2024,2021-04-30,2023-04-01,2024-04-01,11,South East,0.322148
Forecast,2024,2021-04-30,2023-04-01,2024-04-01,12,London,0.490426
Forecast,2024,2021-04-30,2023-04-01,2024-04-01,13,Southern,0.634257
Forecast,2024,2021-04-30,2023-04-01,2024-04-01,14,South Western,1.335608
Forecast,2025,2021-04-30,2024-04-01,2025-04-01,1,Northern Scotland,0.0
Forecast,2025,2021-04-30,2024-04-01,2025-04-01,2,Southern Scotland,0.0
Forecast,2025,2021-04-30,2024-04-01,2025-04-01,3,Northern,0.0
Forecast,2025,2021-04-30,2024-04-01,2025-04-01,4,North West,0.0
Forecast,2025,2021-04-30,2024-04-01,2025-04-01,5,Yorkshire,0.0
Forecast,2025,2021-04-30,2024-04-01,2025-04-01,6,N Wales & Mersey,0.0
Forecast,2025,2021-04-30,2024-04-01,2025-04-01,7,East Midlands,0.0
Forecast,2025,2021-04-30,2024-04-01,2025-04-01,8,Midlands,0.199008
Forecast,2025,2021-04-30,2024-04-01,2025-04-01,9,Eastern,0.0
Forecast,2025,2021-04-30,2024-04-01,2025-04-01,10,South Wales,0.347672
Forecast,2025,2021-04-30,2024-04-01,2025-04-01,11,South East,0.182401
Forecast,2025,2021-04-30,2024-04-01,2025-04-01,12,London,0.376802
Forecast,2025,2021-04-30,2024-04-01,2025-04-01,13,Southern,0.579943
Forecast,2025,2021-04-30,2024-04-01,2025-04-01,14,South Western,1.35809
Forecast,2026,2021-04-30,2025-04-01,2026-04-01,1,Northern Scotland,0.0
Forecast,2026,2021-04-30,2025-04-01,2026-04-01,2,Southern Scotland,0.0
Forecast,2026,2021-04-30,2025-04-01,2026-04-01,3,Northern,0.0
Forecast,2026,2021-04-30,2025-04-01,2026-04-01,4,North West,0.0
Forecast,2026,2021-04-30,2025-04-01,2026-04-01,5,Yorkshire,0.0
Forecast,2026,2021-04-30,2025-04-01,2026-04-01,6,N Wales & Mersey,0.0
Forecast,2026,2021-04-30,2025-04-01,2026-04-01,7,East Midlands,0.0
Forecast,2026,2021-04-30,2025-04-01,2026-04-01,8,Midlands,0.168479
Forecast,2026,2021-04-30,2025-04-01,2026-04-01,9,Eastern,0.0
Forecast,2026,2021-04-30,2025-04-01,2026-04-01,10,South Wales,0.350043
Forecast,2026,2021-04-30,2025-04-01,2026-04-01,11,South East,0.192642
Forecast,2026,2021-04-30,2025-04-01,2026-04-01,12,London,0.388562
Forecast,2026,2021-04-30,2025-04-01,2026-04-01,13,Southern,0.591774
Forecast,2026,2021-04-30,2025-04-01,2026-04-01,14,South Western,1.358419
Forecast,2027,2021-04-30,2026-04-01,2027-04-01,1,Northern Scotland,0.0
Forecast,2027,2021-04-30,2026-04-01,2027-04-01,2,Southern Scotland,0.0
Forecast,2027,2021-04-30,2026-04-01,2027-04-01,3,Northern,0.0
Forecast,2027,2021-04-30,2026-04-01,2027-04-01,4,North West,0.0
Forecast,2027,2021-04-30,2026-04-01,2027-04-01,5,Yorkshire,0.0
Forecast,2027,2021-04-30,2026-04-01,2027-04-01,6,N Wales & Mersey,0.0
Forecast,2027,2021-04-30,2026-04-01,2027-04-01,7,East Midlands,0.0
Forecast,2027,2021-04-30,2026-04-01,2027-04-01,8,Midlands,0.098127
Forecast,2027,2021-04-30,2026-04-01,2027-04-01,9,Eastern,0.0
Forecast,2027,2021-04-30,2026-04-01,2027-04-01,10,South Wales,0.935237
Forecast,2027,2021-04-30,2026-04-01,2027-04-01,11,South East,0.156505
Forecast,2027,2021-04-30,2026-04-01,2027-04-01,12,London,0.372622
Forecast,2027,2021-04-30,2026-04-01,2027-04-01,13,Southern,0.610218
Forecast,2027,2021-04-30,2026-04-01,2027-04-01,14,South Western,1.591817
Final,2021,2020-01-31,2020-04-01,2021-04-01,1,Northern Scotland,2.742642
Final,2021,2020-01-31,2020-04-01,2021-04-01,2,Southern Scotland,3.528995
Final,2021,2020-01-31,2020-04-01,2021-04-01,3,Northern,4.768367
Final,2021,2020-01-31,2020-04-01,2021-04-01,4,North West,5.735191
Final,2021,2020-01-31,2020-04-01,2021-04-01,5,Yorkshire,5.645414
Final,2021,2020-01-31,2020-04-01,2021-04-01,6,N Wales & Mersey,5.811644
Final,2021,2020-01-31,2020-04-01,2021-04-01,7,East Midlands,6.281123
Final,2021,2020-01-31,2020-04-01,2021-04-01,8,Midlands,6.525494
Final,2021,2020-01-31,2020-04-01,2021-04-01,9,Eastern,6.99422
Final,2021,2020-01-31,2020-04-01,2021-04-01,10,South Wales,5.594905
Final,2021,2020-01-31,2020-04-01,2021-04-01,11,South East,7.511337
Final,2021,2020-01-31,2020-04-01,2021-04-01,12,London,5.828242
Final,2021,2020-01-31,2020-04-01,2021-04-01,13,Southern,7.136303
Final,2021,2020-01-31,2020-04-01,2021-04-01,14,South Western,7.608806
Draft,2022,2020-11-30,2021-04-01,2022-04-01,1,Northern Scotland,2.731383
Draft,2022,2020-11-30,2021-04-01,2022-04-01,2,Southern Scotland,3.774643
Draft,2022,2020-11-30,2021-04-01,2022-04-01,3,Northern,5.16877
Draft,2022,2020-11-30,2021-04-01,2022-04-01,4,North West,6.135768
Draft,2022,2020-11-30,2021-04-01,2022-04-01,5,Yorkshire,6.035617
Draft,2022,2020-11-30,2021-04-01,2022-04-01,6,N Wales & Mersey,6.122775
Draft,2022,2020-11-30,2021-04-01,2022-04-01,7,East Midlands,6.711876
Draft,2022,2020-11-30,2021-04-01,2022-04-01,8,Midlands,7.022124
Draft,2022,2020-11-30,2021-04-01,2022-04-01,9,Eastern,7.388941
Draft,2022,2020-11-30,2021-04-01,2022-04-01,10,South Wales,6.570524
Draft,2022,2020-11-30,2021-04-01,2022-04-01,11,South East,7.861029
Draft,2022,2020-11-30,2021-04-01,2022-04-01,12,London,6.340861
Draft,2022,2020-11-30,2021-04-01,2022-04-01,13,Southern,7.653066
Draft,2022,2020-11-30,2021-04-01,2022-04-01,14,South Western,8.596217
Final,2022,2021-01-31,2021-04-01,2022-04-01,1,Northern Scotland,2.731383
Final,2022,2021-01-31,2021-04-01,2022-04-01,2,Southern Scotland,3.774643
Final,2022,2021-01-31,2021-04-01,2022-04-01,3,Northern,5.16877
Final,2022,2021-01-31,2021-04-01,2022-04-01,4,North West,6.135768
Final,2022,2021-01-31,2021-04-01,2022-04-01,5,Yorkshire,6.035617
Final,2022,2021-01-31,2021-04-01,2022-04-01,6,N Wales & Mersey,6.122775
Final,2022,2021-01-31,2021-04-01,2022-04-01,7,East Midlands,6.711876
Final,2022,2021-01-31,2021-04-01,2022-04-01,8,Midlands,7.022124
Final,2022,2021-01-31,2021-04-01,2022-04-01,9,Eastern,7.388941
Final,2022,2021-01-31,2021-04-01,2022-04-01,10,South Wales,6.570524
Final,2022,2021-01-31,2021-04-01,2022-04-01,11,South East,7.861029
Final,2022,2021-01-31,2021-04-01,2022-04-01,12,London,6.340861
Final,2022,2021-01-31,2021-04-01,2022-04-01,13,Southern,7.653066
Final,2022,2021-01-31,2021-04-01,2022-04-01,14,South Western,8.596217
Forecast,2023,2020-08-31,2022-04-01,2023-04-01,1,Northern Scotland,0.0
Forecast,2023,2020-08-31,2022-04-01,2023-04-01,2,Southern Scotland,0.0
Forecast,2023,2020-08-31,2022-04-01,2023-04-01,3,Northern,0.0
Forecast,2023,2020-08-31,2022-04-01,2023-04-01,4,North West,0.0
Forecast,2023,2020-08-31,2022-04-01,2023-04-01,5,Yorkshire,0.0
Forecast,2023,2020-08-31,2022-04-01,2023-04-01,6,N Wales & Mersey,0.0
Forecast,2023,2020-08-31,2022-04-01,2023-04-01,7,East Midlands,0.0
Forecast,2023,2020-08-31,2022-04-01,2023-04-01,8,Midlands,0.083836
Forecast,2023,2020-08-31,2022-04-01,2023-04-01,9,Eastern,0.207804
Forecast,2023,2020-08-31,2022-04-01,2023-04-01,10,South Wales,0.0
Forecast,2023,2020-08-31,2022-04-01,2023-04-01,11,South East,0.658112
Forecast,2023,2020-08-31,2022-04-01,2023-04-01,12,London,0.726469
Forecast,2023,2020-08-31,2022-04-01,2023-04-01,13,Southern,0.815947
Forecast,2023,2020-08-31,2022-04-01,2023-04-01,14,South Western,0.77074
Forecast,2024,2020-08-31,2023-04-01,2024-04-01,1,Northern Scotland,0.0
Forecast,2024,2020-08-31,2023-04-01,2024-04-01,2,Southern Scotland,0.0
Forecast,2024,2020-08-31,2023-04-01,2024-04-01,3,Northern,0.0
Forecast,2024,2020-08-31,2023-04-01,2024-04-01,4,North West,0.0
Forecast,2024,2020-08-31,2023-04-01,2024-04-01,5,Yorkshire,0.0
Forecast,2024,2020-08-31,2023-04-01,2024-04-01,6,N Wales & Mersey,0.0
Forecast,2024,2020-08-31,2023-04-01,2024-04-01,7,East Midlands,0.0
Forecast,2024,2020-08-31,2023-04-01,2024-04-01,8,Midlands,0.055837
Forecast,2024,2020-08-31,2023-04-01,2024-04-01,9,Eastern,0.217531
Forecast,2024,2020-08-31,2023-04-01,2024-04-01,10,South Wales,0.0
Forecast,2024,2020-08-31,2023-04-01,2024-04-01,11,South East,0.627588
Forecast,2024,2020-08-31,2023-04-01,2024-04-01,12,London,0.751695
Forecast,2024,2020-08-31,2023-04-01,2024-04-01,13,Southern,0.798417
Forecast,2024,2020-08-31,2023-04-01,2024-04-01,14,South Western,0.726852
Forecast,2025,2020-08-31,2024-04-01,2025-04-01,1,Northern Scotland,0.0
Forecast,2025,2020-08-31,2024-04-01,2025-04-01,2,Southern Scotland,0.0
Forecast,2025,2020-08-31,2024-04-01,2025-04-01,3,Northern,0.0
Forecast,2025,2020-08-31,2024-04-01,2025-04-01,4,North West,0.0
Forecast,2025,2020-08-31,2024-04-01,2025-04-01,5,Yorkshire,0.0
Forecast,2025,2020-08-31,2024-04-01,2025-04-01,6,N Wales & Mersey,0.0
Forecast,2025,2020-08-31,2024-04-01,2025-04-01,7,East Midlands,0.0
Forecast,2025,2020-08-31,2024-04-01,2025-04-01,8,Midlands,0.084459
Forecast,2025,2020-08-31,2024-04-01,2025-04-01,9,Eastern,0.102495
Forecast,2025,2020-08-31,2024-04-01,2025-04-01,10,South Wales,0.0
Forecast,2025,2020-08-31,2024-04-01,2025-04-01,11,South East,0.654999
Forecast,2025,2020-08-31,2024-04-01,2025-04-01,12,London,0.631334
Forecast,2025,2020-08-31,2024-04-01,2025-04-01,13,Southern,0.850915
Forecast,2025,2020-08-31,2024-04-01,2025-04-01,14,South Western,0.942932
Forecast,2026,2020-08-31,2025-04-01,2026-04-01,1,Northern Scotland,0.0
Forecast,2026,2020-08-31,2025-04-01,2026-04-01,2,Southern Scotland,0.0
Forecast,2026,2020-08-31,2025-04-01,2026-04-01,3,Northern,0.0
Forecast,2026,2020-08-31,2025-04-01,2026-04-01,4,North West,0.0
Forecast,2026,2020-08-31,2025-04-01,2026-04-01,5,Yorkshire,0.0
Forecast,2026,2020-08-31,2025-04-01,2026-04-01,6,N Wales & Mersey,0.0
Forecast,2026,2020-08-31,2025-04-01,2026-04-01,7,East Midlands,0.0
Forecast,2026,2020-08-31,2025-04-01,2026-04-01,8,Midlands,0.0
Forecast,2026,2020-08-31,2025-04-01,2026-04-01,9,Eastern,0.142358
Forecast,2026,2020-08-31,2025-04-01,2026-04-01,10,South Wales,0.038944
Forecast,2026,2020-08-31,2025-04-01,2026-04-01,11,South East,0.692279
Forecast,2026,2020-08-31,2025-04-01,2026-04-01,12,London,0.784324
Forecast,2026,2020-08-31,2025-04-01,2026-04-01,13,Southern,0.859251
Forecast,2026,2020-08-31,2025-04-01,2026-04-01,14,South Western,1.013372
